Modelo,CV_Accuracy,CV_Accuracy_std,CV_F1_macro,CV_F1_macro_std,CV_Balanced_acc,Tiempo_s
Random Forest,0.734,0.0067,0.685,0.0108,0.6783,25.2602
Extra Trees,0.712,0.0048,0.6812,0.0068,0.7108,12.5413
XGBoost,0.7377,0.0081,0.6664,0.0122,0.6448,13.7676
Gradient Boosting,0.6927,0.0061,0.6664,0.0073,0.7137,11.3222
Red Neuronal (MLP),0.7339,0.0082,0.6635,0.013,0.6426,8.9544
SVM lineal,0.7103,0.0069,0.6619,0.0092,0.6661,4.6268
Regresion Logistica,0.6727,0.0054,0.6485,0.0055,0.7076,7.8852
Arbol de Decision,0.6599,0.0074,0.6348,0.0075,0.6878,3.2419
Naive Bayes,0.6216,0.0095,0.5892,0.008,0.6306,2.7554
K-Nearest Neighbors,0.716,0.0034,0.5668,0.0064,0.5597,3.4684
Baseline (clase mayoritaria),0.5028,0.0,0.223,0.0,0.3333,2.7722
